ticker,snapshot_date,kurs_zamkniecia,zmiana_procentowa,zmiana_kwotowa,source
BAC,2024-04-16,1.6567,,,
BAC,2024-04-17,1.7295,4.39,0.0728,
BAC,2024-04-18,1.8189,5.17,0.0894,
BAC,2024-04-19,2.2333,22.78,0.4144,
BAC,2024-04-22,2.0684,-7.38,-0.1649,
BAC,2024-04-23,1.8648,-9.84,-0.2036,
BAC,2024-04-24,2.0063,7.58,0.1414,
BAC,2024-04-25,1.9639,-2.11,-0.0423,
BAC,2024-04-26,1.9279,-1.83,-0.036,
BAC,2024-04-29,1.9729,2.34,0.045,
BAC,2024-04-30,1.982,0.46,0.009,
BAC,2024-05-02,2.2297,12.5,0.2477,
BAC,2024-05-06,2.3063,3.43,0.0766,
BAC,2024-05-07,2.2522,-2.34,-0.0541,
BAC,2024-05-08,2.1621,-4.0,-0.0901,
BAC,2024-05-09,2.1081,-2.5,-0.0541,
BAC,2024-05-10,1.9279,-8.55,-0.1802,
BAC,2024-05-13,1.9063,-1.12,-0.0216,
BAC,2024-05-14,1.8648,-2.17,-0.0414,
BAC,2024-05-15,1.9279,3.38,0.0631,
BAC,2024-05-16,1.8279,-5.19,-0.1,
BAC,2024-05-17,1.8468,1.03,0.0189,
BAC,2024-05-20,1.8378,-0.49,-0.009,
BAC,2024-05-21,1.8306,-0.39,-0.0072,
BAC,2024-05-22,1.8288,-0.1,-0.0018,
BAC,2024-05-23,1.8279,-0.05,-0.0009,
BAC,2024-05-24,1.7566,-3.9,-0.0714,
BAC,2024-05-27,1.7737,0.97,0.0171,
BAC,2024-05-28,1.845,4.02,0.0713,
BAC,2024-05-29,1.8016,-2.35,-0.0434,
BAC,2024-05-31,1.8009,-0.04,-0.0007,
BAC,2024-06-03,1.8378,2.05,0.0369,
BAC,2024-06-04,1.8108,-1.47,-0.027,
BAC,2024-06-05,1.8198,0.5,0.009,
BAC,2024-06-06,1.8333,0.74,0.0135,
BAC,2024-06-07,1.7727,-3.31,-0.0606,
BAC,2024-06-10,1.8165,2.47,0.0438,
BAC,2024-06-11,1.8007,-0.87,-0.0159,
BAC,2024-06-12,1.8053,0.26,0.0047,
BAC,2024-06-13,1.8257,1.13,0.0203,
BAC,2024-06-14,1.8417,0.88,0.0161,
BAC,2024-06-17,1.9499,5.88,0.1082,
BAC,2024-06-18,1.9126,-1.91,-0.0373,
BAC,2024-06-19,1.9098,-0.15,-0.0028,
BAC,2024-06-20,1.9033,-0.34,-0.0065,
BAC,2024-06-21,1.9107,0.39,0.0075,
BAC,2024-06-24,1.8641,-2.44,-0.0466,
BAC,2024-06-25,1.8585,-0.3,-0.0056,
BAC,2024-06-26,1.8557,-0.15,-0.0028,
BAC,2024-06-27,1.8828,1.46,0.0271,
BAC,2024-06-28,1.8753,-0.4,-0.0075,
BAC,2024-07-01,1.8333,-2.24,-0.042,
BAC,2024-07-02,1.7913,-2.29,-0.042,
BAC,2024-07-03,1.8529,3.44,0.0616,
BAC,2024-07-04,1.8426,-0.55,-0.0103,
BAC,2024-07-05,1.8315,-0.61,-0.0112,
BAC,2024-07-08,1.8193,-0.66,-0.0121,
BAC,2024-07-09,1.7727,-2.56,-0.0467,
BAC,2024-07-10,1.8147,2.37,0.042,
BAC,2024-07-11,1.8753,3.34,0.0606,
BAC,2024-07-12,1.866,-0.5,-0.0093,
BAC,2024-07-15,1.8473,-1.0,-0.0187,
BAC,2024-07-16,1.754,-5.05,-0.0933,
BAC,2024-07-17,1.7538,-0.01,-0.0002,
BAC,2024-07-18,1.754,0.01,0.0002,
BAC,2024-07-19,1.6812,-4.15,-0.0728,
BAC,2024-07-22,1.8566,10.43,0.1754,
BAC,2024-07-23,1.8063,-2.71,-0.0504,
BAC,2024-07-24,1.7913,-0.83,-0.0149,
BAC,2024-07-25,1.7522,-2.19,-0.0392,
BAC,2024-07-26,1.7503,-0.11,-0.0019,
BAC,2024-07-29,1.7818,1.8,0.0315,
BAC,2024-07-30,1.7913,0.53,0.0095,
BAC,2024-07-31,1.7904,-0.05,-0.0009,
BAC,2024-08-01,1.8003,0.55,0.0099,
BAC,2024-08-02,1.7092,-5.06,-0.0911,
BAC,2024-08-05,1.7354,1.53,0.0261,
BAC,2024-08-06,1.7354,0.0,0.0,
BAC,2024-08-07,1.7727,2.15,0.0373,
BAC,2024-08-08,1.7354,-2.1,-0.0373,
BAC,2024-08-09,1.7213,-0.81,-0.014,
BAC,2024-08-12,1.7167,-0.27,-0.0047,
BAC,2024-08-13,1.7391,1.3,0.0224,
BAC,2024-08-14,1.7242,-0.86,-0.0149,
BAC,2024-08-16,1.7391,0.87,0.0149,
BAC,2024-08-19,1.6327,-6.12,-0.1064,
BAC,2024-08-20,1.5749,-3.54,-0.0578,
BAC,2024-08-21,1.5655,-0.59,-0.0093,
BAC,2024-08-22,1.5432,-1.43,-0.0224,
BAC,2024-08-23,1.5334,-0.63,-0.0097,
BAC,2024-08-26,1.5114,-1.44,-0.022,
BAC,2024-08-27,1.5374,1.72,0.0259,
BAC,2024-08-28,1.5348,-0.17,-0.0026,
BAC,2024-08-29,1.5096,-1.64,-0.0252,
BAC,2024-08-30,1.5114,0.12,0.0019,
BAC,2024-09-02,1.4816,-1.98,-0.0299,
BAC,2024-09-03,1.4461,-2.39,-0.0355,
BAC,2024-09-04,1.4364,-0.67,-0.0097,
BAC,2024-09-05,1.4368,0.03,0.0004,
BAC,2024-09-06,1.4362,-0.04,-0.0006,
BAC,2024-09-09,1.4405,0.3,0.0043,
BAC,2024-09-10,1.4508,0.71,0.0103,
BAC,2024-09-11,1.4461,-0.32,-0.0047,
BAC,2024-09-12,1.4415,-0.32,-0.0047,
BAC,2024-09-13,1.4411,-0.03,-0.0004,
BAC,2024-09-16,1.4275,-0.95,-0.0136,
BAC,2024-09-17,1.4275,0.0,0.0,
BAC,2024-09-18,1.3995,-1.96,-0.028,
BAC,2024-09-19,1.4275,2.0,0.028,
BAC,2024-09-20,1.3995,-1.96,-0.028,
BAC,2024-09-23,1.4407,2.95,0.0412,
BAC,2024-09-24,1.4928,3.61,0.0521,
BAC,2024-09-25,1.4909,-0.13,-0.0019,
BAC,2024-09-26,1.4834,-0.5,-0.0075,
BAC,2024-09-27,1.4833,-0.01,-0.0002,
BAC,2024-09-30,1.4554,-1.87,-0.0278,
BAC,2024-10-01,1.4543,-0.08,-0.0011,
BAC,2024-10-02,1.4723,1.23,0.0179,
BAC,2024-10-03,1.5114,2.66,0.0392,
BAC,2024-10-04,1.5096,-0.12,-0.0019,
BAC,2024-10-07,1.4928,-1.11,-0.0168,
BAC,2024-10-08,1.4834,-0.63,-0.0093,
BAC,2024-10-09,1.4834,0.0,0.0,
BAC,2024-10-10,1.5376,3.65,0.0541,
BAC,2024-10-11,1.532,-0.36,-0.0056,
BAC,2024-10-14,1.5295,-0.16,-0.0024,
BAC,2024-10-15,1.5208,-0.57,-0.0088,
BAC,2024-10-16,1.4791,-2.74,-0.0416,
BAC,2024-10-17,1.4648,-0.97,-0.0144,
BAC,2024-10-18,1.4648,0.0,0.0,
BAC,2024-10-21,1.4834,1.27,0.0187,
BAC,2024-10-22,1.5105,1.82,0.0271,
BAC,2024-10-23,1.5534,2.84,0.0429,
BAC,2024-10-24,1.6495,6.19,0.0961,
BAC,2024-10-25,1.6475,-0.12,-0.0021,
BAC,2024-10-28,1.6448,-0.16,-0.0026,
BAC,2024-10-29,1.6187,-1.59,-0.0261,
BAC,2024-10-30,1.6161,-0.16,-0.0026,
BAC,2024-10-31,1.6327,1.03,0.0166,
BAC,2024-11-04,1.7725,8.56,0.1398,
BAC,2024-11-05,1.726,-2.62,-0.0465,
BAC,2024-11-06,1.7447,1.08,0.0187,
BAC,2024-11-07,1.7727,1.6,0.028,
BAC,2024-11-08,1.81,2.11,0.0373,
BAC,2024-11-12,1.7727,-2.06,-0.0373,
BAC,2024-11-13,1.7727,0.0,0.0,
BAC,2024-11-14,1.8193,2.63,0.0467,
BAC,2024-11-15,1.782,-2.05,-0.0373,
BAC,2024-11-18,1.9593,9.95,0.1773,
BAC,2024-11-19,1.9593,0.0,0.0,
BAC,2024-11-20,1.908,-2.62,-0.0513,
BAC,2024-11-21,1.9966,4.65,0.0886,
BAC,2024-11-22,1.9313,-3.27,-0.0653,
BAC,2024-11-25,1.9481,0.87,0.0168,
BAC,2024-11-26,1.9425,-0.29,-0.0056,
BAC,2024-11-27,1.866,-3.94,-0.0765,
BAC,2024-11-28,1.8753,0.5,0.0093,
BAC,2024-11-29,1.8053,-3.73,-0.07,
BAC,2024-12-02,1.838,1.81,0.0326,
BAC,2024-12-03,1.9593,6.6,0.1213,
BAC,2024-12-04,1.9359,-1.19,-0.0233,
BAC,2024-12-05,1.9033,-1.69,-0.0327,
BAC,2024-12-06,1.866,-1.96,-0.0373,
BAC,2024-12-09,1.9593,5.0,0.0933,
BAC,2024-12-10,1.9593,0.0,0.0,
BAC,2024-12-11,1.9313,-1.43,-0.028,
BAC,2024-12-12,1.9107,-1.06,-0.0205,
BAC,2024-12-13,1.9126,0.1,0.0019,
BAC,2024-12-16,1.9378,1.32,0.0252,
BAC,2024-12-17,1.9126,-1.3,-0.0252,
BAC,2024-12-18,1.894,-0.98,-0.0187,
BAC,2024-12-19,1.922,1.48,0.028,
BAC,2024-12-20,1.894,-1.46,-0.028,
BAC,2024-12-23,1.9028,0.47,0.0089,
BAC,2024-12-27,1.9593,2.97,0.0565,
BAC,2024-12-30,2.0152,2.86,0.056,
BAC,2025-01-02,2.1384,6.11,0.1231,
BAC,2025-01-03,2.0712,-3.14,-0.0672,
BAC,2025-01-07,2.0992,1.35,0.028,
BAC,2025-01-08,2.1361,1.76,0.0369,
BAC,2025-01-09,2.1347,-0.07,-0.0014,
BAC,2025-01-10,2.0992,-1.66,-0.0355,
BAC,2025-01-13,2.0246,-3.56,-0.0746,
BAC,2025-01-14,2.0619,1.84,0.0373,
BAC,2025-01-15,2.0059,-2.71,-0.056,
BAC,2025-01-16,1.9742,-1.58,-0.0317,
BAC,2025-01-17,1.9686,-0.28,-0.0056,
BAC,2025-01-20,1.9966,1.42,0.028,
BAC,2025-01-21,1.9406,-2.8,-0.056,
BAC,2025-01-22,1.9686,1.44,0.028,
BAC,2025-01-23,1.9798,0.57,0.0112,
BAC,2025-01-24,1.9583,-1.08,-0.0215,
BAC,2025-01-27,1.9406,-0.9,-0.0177,
BAC,2025-01-28,1.9313,-0.48,-0.0093,
BAC,2025-01-29,1.9593,1.45,0.028,
BAC,2025-01-30,1.9481,-0.57,-0.0112,
BAC,2025-01-31,1.9639,0.81,0.0158,
BAC,2025-02-03,1.9126,-2.61,-0.0513,
BAC,2025-02-04,1.9499,1.95,0.0373,
BAC,2025-02-05,1.9593,0.48,0.0093,
BAC,2025-02-06,2.1179,8.1,0.1586,
BAC,2025-02-07,2.0992,-0.88,-0.0187,
BAC,2025-02-10,2.1645,3.11,0.0653,
BAC,2025-02-11,2.0945,-3.23,-0.07,
BAC,2025-02-12,2.1552,2.9,0.0606,
BAC,2025-02-13,2.3045,6.93,0.1493,
BAC,2025-02-14,2.5004,8.5,0.1959,
BAC,2025-02-17,2.7057,8.21,0.2053,
BAC,2025-02-18,2.603,-3.79,-0.1026,
BAC,2025-02-19,2.5844,-0.72,-0.0187,
BAC,2025-02-20,2.687,3.97,0.1026,
BAC,2025-02-21,2.8782,7.12,0.1913,
BAC,2025-02-24,2.799,-2.75,-0.0793,
BAC,2025-02-25,2.673,-4.5,-0.126,
BAC,2025-02-26,2.7616,3.32,0.0886,
BAC,2025-02-27,2.7896,1.01,0.028,
BAC,2025-02-28,2.7896,0.0,0.0,
BAC,2025-03-03,2.6315,-5.67,-0.1581,
BAC,2025-03-04,2.5191,-4.27,-0.1124,
BAC,2025-03-05,2.5704,2.04,0.0513,
BAC,2025-03-06,2.7952,8.75,0.2249,
BAC,2025-03-07,2.8923,3.47,0.097,
BAC,2025-03-10,2.8829,-0.32,-0.0093,
BAC,2025-03-11,2.9669,2.91,0.084,
BAC,2025-03-12,3.4987,17.92,0.5318,
BAC,2025-03-13,3.0695,-12.27,-0.4292,
BAC,2025-03-14,2.9342,-4.41,-0.1353,
BAC,2025-03-17,3.0135,2.7,0.0793,
BAC,2025-03-18,2.8451,-5.59,-0.1684,
BAC,2025-03-19,2.7057,-4.9,-0.1395,
BAC,2025-03-20,2.7243,0.69,0.0187,
BAC,2025-03-21,2.6217,-3.77,-0.1026,
BAC,2025-03-24,2.5657,-2.13,-0.056,
BAC,2025-03-25,2.416,-5.84,-0.1498,
BAC,2025-03-26,2.4724,2.34,0.0564,
BAC,2025-03-27,2.4817,0.38,0.0093,
BAC,2025-03-28,2.5004,0.75,0.0187,
BAC,2025-03-31,2.5004,0.0,0.0,
BAC,2025-04-01,2.3325,-6.72,-0.1679,
BAC,2025-04-02,2.3138,-0.8,-0.0187,
BAC,2025-04-03,2.2392,-3.23,-0.0746,
BAC,2025-04-04,2.2018,-1.67,-0.0373,
BAC,2025-04-07,2.0526,-6.78,-0.1493,
BAC,2025-04-08,2.0712,0.91,0.0187,
BAC,2025-04-09,1.9686,-4.96,-0.1026,
BAC,2025-04-10,1.9966,1.42,0.028,
BAC,2025-04-11,2.1365,7.01,0.14,
BAC,2025-04-14,2.2392,4.8,0.1026,
BAC,2025-04-15,2.1272,-5.0,-0.112,
BAC,2025-04-16,2.0526,-3.51,-0.0746,
BAC,2025-04-17,2.1459,4.55,0.0933,
BAC,2025-04-22,2.2485,4.78,0.1026,
BAC,2025-04-23,2.3698,5.39,0.1213,
BAC,2025-04-24,2.3325,-1.57,-0.0373,
BAC,2025-04-25,2.4258,4.0,0.0933,
BAC,2025-04-28,2.3885,-1.54,-0.0373,
BAC,2025-04-29,2.4071,0.78,0.0186,
BAC,2025-04-30,2.2951,-4.65,-0.112,
BAC,2025-05-02,2.2858,-0.41,-0.0093,
BAC,2025-05-05,2.3138,1.22,0.028,
BAC,2025-05-06,2.1645,-6.45,-0.1493,
BAC,2025-05-07,2.2672,4.74,0.1026,
BAC,2025-05-08,2.2765,0.41,0.0093,
BAC,2025-05-09,2.1925,-3.69,-0.084,
BAC,2025-05-12,2.2858,4.26,0.0933,
BAC,2025-05-13,2.2951,0.41,0.0093,
BAC,2025-05-14,2.1832,-4.88,-0.112,
BAC,2025-05-15,2.2392,2.56,0.056,
BAC,2025-05-16,2.2298,-0.42,-0.0093,
BAC,2025-05-19,2.1459,-3.77,-0.084,
BAC,2025-05-20,2.0339,-5.22,-0.112,
BAC,2025-05-21,2.0619,1.38,0.028,
BAC,2025-05-22,2.0992,1.81,0.0373,
BAC,2025-05-23,2.0899,-0.44,-0.0093,
BAC,2025-05-26,2.0806,-0.45,-0.0093,
BAC,2025-05-27,2.0712,-0.45,-0.0093,
BAC,2025-05-28,2.0432,-1.35,-0.028,
BAC,2025-05-29,1.9966,-2.28,-0.0466,
BAC,2025-05-30,2.0526,2.8,0.056,
BAC,2025-06-02,2.0339,-0.91,-0.0187,
BAC,2025-06-03,2.0526,0.92,0.0187,
BAC,2025-06-04,2.0246,-1.36,-0.028,
BAC,2025-06-05,2.0619,1.84,0.0373,
BAC,2025-06-06,2.0619,0.0,0.0,
BAC,2025-06-09,2.1552,4.52,0.0933,
BAC,2025-06-10,2.1459,-0.43,-0.0093,
BAC,2025-06-11,2.3325,8.7,0.1866,
BAC,2025-06-12,2.3231,-0.4,-0.0093,
BAC,2025-06-13,2.2765,-2.01,-0.0466,
BAC,2025-06-16,2.1272,-6.56,-0.1493,
BAC,2025-06-17,2.2819,7.27,0.1547,
BAC,2025-06-18,2.3109,1.27,0.029,
BAC,2025-06-20,2.2916,-0.84,-0.0193,
BAC,2025-06-23,2.2239,-2.95,-0.0677,
BAC,2025-06-24,2.3979,7.83,0.174,
BAC,2025-06-25,2.4173,0.81,0.0193,
BAC,2025-06-26,2.2529,-6.8,-0.1644,
BAC,2025-06-27,2.4076,6.87,0.1547,
BAC,2025-06-30,2.4173,0.4,0.0097,
BAC,2025-07-01,2.2722,-6.0,-0.145,
BAC,2025-07-02,2.3883,5.11,0.116,
BAC,2025-07-03,2.4076,0.81,0.0193,
BAC,2025-07-04,2.3013,-4.42,-0.1064,
BAC,2025-07-07,2.3786,3.36,0.0774,
BAC,2025-07-08,2.4076,1.22,0.029,
BAC,2025-07-09,2.3786,-1.2,-0.029,
BAC,2025-07-10,2.4656,3.66,0.087,
BAC,2025-07-11,2.4656,0.0,0.0,
BAC,2025-07-14,2.4173,-1.96,-0.0484,
BAC,2025-07-15,2.4173,0.0,0.0,
BAC,2025-07-16,2.4173,0.0,0.0,
BAC,2025-07-17,2.3786,-1.6,-0.0387,
BAC,2025-07-18,2.3496,-1.22,-0.029,
BAC,2025-07-21,2.4656,4.94,0.116,
BAC,2025-07-22,2.3979,-2.75,-0.0677,
BAC,2025-07-23,2.456,2.42,0.058,
BAC,2025-07-24,2.4076,-1.97,-0.0484,
BAC,2025-07-25,2.3979,-0.4,-0.0097,
BAC,2025-07-28,2.4463,2.02,0.0483,
BAC,2025-07-29,2.3979,-1.98,-0.0483,
BAC,2025-07-30,2.4076,0.4,0.0097,
BAC,2025-07-31,2.4366,1.2,0.029,
BAC,2025-08-01,2.3399,-3.97,-0.0967,
BAC,2025-08-04,2.3303,-0.41,-0.0097,
BAC,2025-08-05,2.3303,0.0,0.0,
BAC,2025-08-06,2.4946,7.05,0.1644,
BAC,2025-08-07,2.4946,0.0,0.0,
BAC,2025-08-08,2.514,0.78,0.0193,
BAC,2025-08-11,2.7364,8.85,0.2224,
BAC,2025-08-12,2.7267,-0.35,-0.0097,
BAC,2025-08-13,2.6977,-1.06,-0.029,
BAC,2025-08-14,2.8427,5.38,0.145,
BAC,2025-08-18,2.7654,-2.72,-0.0774,
BAC,2025-08-19,2.9007,4.9,0.1354,
BAC,2025-08-20,3.0361,4.67,0.1354,
BAC,2025-08-21,2.9007,-4.46,-0.1354,
BAC,2025-08-22,2.9007,0.0,0.0,
BAC,2025-08-25,3.1038,7.0,0.2031,
BAC,2025-08-26,3.3068,6.54,0.203,
BAC,2025-08-27,3.2005,-3.22,-0.1064,
BAC,2025-08-28,3.1715,-0.91,-0.029,
BAC,2025-08-29,3.1715,0.0,0.0,
BAC,2025-09-01,3.1135,-1.83,-0.058,
BAC,2025-09-02,3.1425,0.93,0.029,
BAC,2025-09-03,3.1521,0.31,0.0097,
BAC,2025-09-04,3.1618,0.31,0.0097,
BAC,2025-09-05,3.1328,-0.92,-0.029,
BAC,2025-09-08,3.0844,-1.54,-0.0483,
BAC,2025-09-09,3.0941,0.31,0.0097,
BAC,2025-09-10,3.0748,-0.63,-0.0193,
BAC,2025-09-11,3.0844,0.31,0.0097,
BAC,2025-09-12,3.0844,0.0,0.0,
BAC,2025-09-15,3.2875,6.58,0.2031,
BAC,2025-09-16,3.1425,-4.41,-0.145,
BAC,2025-09-17,3.0554,-2.77,-0.087,
BAC,2025-09-18,3.1908,4.43,0.1354,
BAC,2025-09-19,3.2295,1.21,0.0387,
BAC,2025-09-22,3.2972,2.1,0.0677,
BAC,2025-09-23,3.4422,4.4,0.145,
BAC,2025-09-24,3.4422,0.0,0.0,
BAC,2025-09-25,3.4325,-0.28,-0.0097,
BAC,2025-09-26,3.3068,-3.66,-0.1257,
BAC,2025-09-29,3.2295,-2.34,-0.0773,
BAC,2025-09-30,3.3745,4.49,0.145,
BAC,2025-10-01,3.2585,-3.44,-0.116,
BAC,2025-10-02,3.2778,0.59,0.0193,
BAC,2025-10-03,3.3745,2.95,0.0967,
BAC,2025-10-06,3.3359,-1.15,-0.0387,
BAC,2025-10-07,3.3262,-0.29,-0.0097,
BAC,2025-10-08,3.2488,-2.33,-0.0774,
BAC,2025-10-09,3.2585,0.3,0.0097,
BAC,2025-10-10,3.3068,1.48,0.0483,
BAC,2025-10-13,3.2391,-2.05,-0.0677,
BAC,2025-10-14,2.9201,-9.85,-0.3191,
BAC,2025-10-15,3.3842,15.89,0.4641,
BAC,2025-10-16,3.1908,-5.71,-0.1934,
BAC,2025-10-17,3.2875,3.03,0.0967,
BAC,2025-10-20,3.2875,0.0,0.0,
BAC,2025-10-21,3.2875,0.0,0.0,
BAC,2025-10-22,3.2778,-0.29,-0.0097,
BAC,2025-10-23,3.1715,-3.24,-0.1064,
BAC,2025-10-24,3.1425,-0.91,-0.029,
BAC,2025-10-27,3.1038,-1.23,-0.0387,
BAC,2025-10-28,3.1425,1.25,0.0387,
BAC,2025-10-29,3.1328,-0.31,-0.0097,
BAC,2025-10-30,3.1038,-0.93,-0.029,
BAC,2025-10-31,3.0458,-1.87,-0.058,
BAC,2025-11-03,3.0458,0.0,0.0,
BAC,2025-11-04,3.0168,-0.95,-0.029,
BAC,2025-11-05,2.9974,-0.64,-0.0193,
BAC,2025-11-06,3.0361,1.29,0.0387,
BAC,2025-11-07,3.1521,3.82,0.116,
BAC,2025-11-10,3.0651,-2.76,-0.087,
BAC,2025-11-12,3.0361,-0.95,-0.029,
BAC,2025-11-13,3.0361,0.0,0.0,
BAC,2025-11-14,2.9297,-3.5,-0.1064,
BAC,2025-11-17,2.9007,-0.99,-0.029,
BAC,2025-11-18,2.9007,0.0,0.0,
BAC,2025-11-19,3.0264,4.33,0.1257,
BAC,2025-11-20,2.9588,-2.24,-0.0677,
BAC,2025-11-21,3.0071,1.63,0.0483,
BAC,2025-11-24,3.0458,1.29,0.0387,
BAC,2025-11-25,3.1715,4.13,0.1257,
BAC,2025-11-26,3.1715,0.0,0.0,
BAC,2025-11-27,3.1038,-2.13,-0.0677,
BAC,2025-11-28,3.1038,0.0,0.0,
BAC,2025-12-01,3.0458,-1.87,-0.058,
BAC,2025-12-02,2.9781,-2.22,-0.0677,
BAC,2025-12-03,3.0361,1.95,0.058,
BAC,2025-12-04,2.9588,-2.55,-0.0773,
BAC,2025-12-05,2.9974,1.31,0.0387,
BAC,2025-12-08,2.9974,0.0,0.0,
BAC,2025-12-09,3.0458,1.61,0.0483,
BAC,2025-12-10,2.9974,-1.59,-0.0483,
BAC,2025-12-11,2.9974,0.0,0.0,
BAC,2025-12-12,2.9974,0.0,0.0,
BAC,2025-12-15,2.9974,0.0,0.0,
BAC,2025-12-16,2.9974,0.0,0.0,
BAC,2025-12-17,2.9974,0.0,0.0,
BAC,2025-12-18,2.9974,0.0,0.0,
BAC,2025-12-19,2.9781,-0.65,-0.0193,
BAC,2025-12-22,2.9974,0.65,0.0193,
BAC,2025-12-23,2.9781,-0.65,-0.0193,
BAC,2025-12-29,2.9878,0.32,0.0097,
BAC,2025-12-30,3.2391,8.41,0.2514,
BAC,2026-01-02,3.5292,8.96,0.2901,
BAC,2026-01-05,3.4809,-1.37,-0.0484,
BAC,2026-01-07,3.5776,2.78,0.0967,
BAC,2026-01-08,3.5872,0.27,0.0097,
BAC,2026-01-09,3.5776,-0.27,-0.0097,
BAC,2026-01-12,3.5776,0.0,0.0,
BAC,2026-01-13,3.5872,0.27,0.0097,
BAC,2026-01-14,3.6356,1.35,0.0484,
BAC,2026-01-15,3.5776,-1.6,-0.058,
BAC,2026-01-16,3.829,7.03,0.2514,
BAC,2026-01-19,3.742,-2.27,-0.087,
BAC,2026-01-20,3.6453,-2.58,-0.0967,
BAC,2026-01-21,3.6162,-0.8,-0.029,
BAC,2026-01-22,3.6549,1.07,0.0387,
BAC,2026-01-23,3.7129,1.59,0.058,
BAC,2026-01-26,3.6453,-1.82,-0.0677,
BAC,2026-01-27,3.5679,-2.12,-0.0774,
BAC,2026-01-28,3.5969,0.81,0.029,
BAC,2026-01-29,3.6549,1.61,0.058,
BAC,2026-01-30,3.6549,0.0,0.0,
BAC,2026-02-02,3.6743,0.53,0.0193,
BAC,2026-02-03,3.5002,-4.74,-0.174,
BAC,2026-02-04,3.6453,4.14,0.145,
BAC,2026-02-05,3.6066,-1.06,-0.0387,
BAC,2026-02-06,3.6743,1.88,0.0677,
BAC,2026-02-09,3.7323,1.58,0.058,
BAC,2026-02-10,4.0417,8.29,0.3094,
BAC,2026-02-11,4.032,-0.24,-0.0097,
BAC,2026-02-12,4.0127,-0.48,-0.0193,
BAC,2026-02-13,3.9063,-2.65,-0.1064,
BAC,2026-02-16,3.8096,-2.48,-0.0967,
BAC,2026-02-17,3.5969,-5.58,-0.2127,
BAC,2026-02-18,3.6743,2.15,0.0774,
BAC,2026-02-19,3.6743,0.0,0.0,
BAC,2026-02-20,3.7613,2.37,0.087,
BAC,2026-02-23,3.9353,4.63,0.174,
BAC,2026-02-24,3.8193,-2.95,-0.116,
BAC,2026-02-25,3.8193,0.0,0.0,
BAC,2026-02-26,3.8676,1.27,0.0483,
BAC,2026-02-27,3.8483,-0.5,-0.0193,
BAC,2026-03-02,3.8676,0.5,0.0193,
BAC,2026-03-03,3.7033,-4.25,-0.1644,
BAC,2026-03-04,3.858,4.18,0.1547,
BAC,2026-03-05,3.6936,-4.26,-0.1644,
BAC,2026-03-06,3.8483,4.19,0.1547,
BAC,2026-03-09,3.771,-2.01,-0.0774,
BAC,2026-03-10,3.829,1.54,0.058,
BAC,2026-03-11,3.7226,-2.78,-0.1064,
BAC,2026-03-12,3.8096,2.34,0.087,
BAC,2026-03-13,3.4905,-8.38,-0.3191,
BAC,2026-03-16,3.7903,8.59,0.2997,
BAC,2026-03-17,3.8193,0.77,0.029,
BAC,2026-03-18,3.8096,-0.25,-0.0097,
BAC,2026-03-19,3.6259,-4.82,-0.1837,
BAC,2026-03-20,3.5679,-1.6,-0.058,
BAC,2026-03-23,3.4809,-2.44,-0.087,
BAC,2026-03-24,3.0844,-11.39,-0.3964,
BAC,2026-03-25,3.2005,3.76,0.116,
BAC,2026-03-26,3.1908,-0.3,-0.0097,
BAC,2026-03-27,3.0748,-3.64,-0.116,
BAC,2026-03-30,3.0168,-1.89,-0.058,
BAC,2026-03-31,2.9201,-3.21,-0.0967,
BAC,2026-04-01,2.804,-3.97,-0.116,
BAC,2026-04-02,2.9007,3.45,0.0967,
BAC,2026-04-07,2.8427,-2.0,-0.058,
BAC,2026-04-08,2.9394,3.4,0.0967,
BAC,2026-04-09,2.9491,0.33,0.0097,
BAC,2026-04-10,2.9007,-1.64,-0.0483,
BAC,2026-04-13,2.8911,-0.33,-0.0097,
BAC,2026-04-14,2.7847,-3.68,-0.1064,
BAC,2026-04-15,2.804,0.69,0.0193,
BAC,2026-04-16,2.7073,-3.45,-0.0967,
BAC,2026-04-17,2.659,-1.79,-0.0483,
BAC,2026-04-20,2.7557,3.64,0.0967,
BAC,2026-04-21,2.775,0.7,0.0193,
BAC,2026-04-22,2.6784,-3.48,-0.0967,
BAC,2026-04-23,2.7073,1.08,0.029,
BAC,2026-04-24,2.9007,7.14,0.1934,
BAC,2026-04-27,2.9201,0.67,0.0193,
BAC,2026-04-28,2.9878,2.32,0.0677,
BAC,2026-04-29,2.9201,-2.27,-0.0677,
BAC,2026-04-30,2.9104,-0.33,-0.0097,
BAC,2026-05-04,3.0168,3.65,0.1064,
BAC,2026-05-05,3.1425,4.17,0.1257,
BAC,2026-05-06,3.3165,5.54,0.1741,
BAC,2026-05-07,3.1908,-3.79,-0.1257,
BAC,2026-05-08,3.2488,1.82,0.058,
BAC,2026-05-11,3.3068,1.79,0.058,
BAC,2026-05-12,3.2488,-1.75,-0.058,
BAC,2026-05-13,3.0361,-6.55,-0.2127,
BAC,2026-05-14,2.9394,-3.18,-0.0967,
BAC,2026-05-15,2.9974,1.97,0.058,
BAC,2026-05-18,2.8621,-4.52,-0.1354,
BAC,2026-05-19,2.9491,3.04,0.087,
BAC,2026-05-20,2.8911,-1.97,-0.058,
BAC,2026-05-21,2.8911,0.0,0.0,
BAC,2026-05-22,2.9394,1.67,0.0483,
BAC,2026-05-25,2.8621,-2.63,-0.0774,
BAC,2026-05-26,2.804,-2.03,-0.058,
BAC,2026-05-27,2.9491,5.17,0.145,
BAC,2026-05-28,2.8621,-2.95,-0.087,
BAC,2026-05-29,2.8621,0.0,0.0,
BAC,2026-06-01,2.8427,-0.68,-0.0193,
BAC,2026-06-02,2.8814,1.36,0.0387,
BAC,2026-06-03,2.8621,-0.67,-0.0193,
BAC,2026-06-05,2.8621,0.0,0.0,
BAC,2026-06-08,2.63,-8.11,-0.2321,
BAC,2026-06-09,2.7,2.66,0.07,
BAC,2026-06-10,2.7,0.0,0.0,
BAC,2026-06-11,2.6,-3.7,-0.1,
BAC,2026-06-12,2.84,9.23,0.24,
BAC,2026-06-15,2.98,4.93,0.14,
BAC,2026-06-16,2.98,0.0,0.0,
BAC,2026-06-17,2.9,-2.68,-0.08,
BAC,2026-06-18,3.2,10.34,0.3,
BAC,2026-06-19,3.46,8.12,0.26,
BAC,2026-06-22,3.5,1.16,0.04,
BAC,2026-06-23,3.78,8.0,0.28,
BAC,2026-06-24,3.7,-2.12,-0.08,
BAC,2026-06-25,3.74,1.08,0.04,
BAC,2026-06-26,3.62,-3.21,-0.12,
BAC,2026-06-29,3.55,-1.93,-0.07,
BAC,2026-06-30,3.88,9.3,0.33,
BAC,2026-07-01,3.87,-0.26,-0.01,
BAC,2026-07-02,3.92,1.29,0.05,
BAC,2026-07-03,3.79,-3.32,-0.13,
BAC,2026-07-06,3.89,2.64,0.1,
BAC,2026-07-07,3.87,-0.51,-0.02,
BAC,2026-07-08,3.74,-3.36,-0.13,
BAC,2026-07-09,3.46,-7.49,-0.28,
BAC,2026-07-10,3.72,7.51,0.26,
BAC,2026-07-13,3.75,0.81,0.03,
BAC,2026-07-14,3.77,0.53,0.02,
BAC,2026-07-15,3.6,-4.51,-0.17,
BAC,2026-07-16,3.6,0.0,0.0,
BAC,2026-07-17,3.62,0.56,0.02,
BAC,2026-07-20,3.62,0.0,0.0,
BAC,2026-07-21,3.52,-2.76,-0.1,
BAC,2026-07-22,3.6,2.27,0.08,
BAC,2026-07-23,3.44,-4.44,-0.16,
BAC,2026-07-24,3.54,2.91,0.1,
BAC,2026-07-27,3.59,1.41,0.05,
BAC,2026-07-28,3.46,-3.62,-0.13,
BAC,2026-07-29,3.44,-0.58,-0.020000000000000018,nc
BAC,2026-07-30,3.4,-1.16,-0.040000000000000036,nc
BAC,2026-07-31,3.43,0.88,0.03000000000000025,nc
BAC,2026-08-03,3.38,-1.46,-0.050000000000000266,nc
BAC,2026-08-04,3.66,8.28,0.28000000000000025,nc
BAC,2026-08-05,3.7,1.09,0.040000000000000036,nc
